{
  "action": {
    "latency": {
      "lower_value": 0.00715,
      "upper_value": 0.21600999999999998,
      "value": 0.0107
    }
  },
  "adv_hflx": {
    "latency": {
      "lower_value": 15.889170000000002,
      "upper_value": 60.48489,
      "value": 16.35769
    }
  },
  "adv_horiz": {
    "latency": {
      "lower_value": 16.373160000000002,
      "upper_value": 60.97007,
      "value": 16.84528
    }
  },
  "adv_vert": {
    "latency": {
      "lower_value": 2.8851,
      "upper_value": 4.05192,
      "value": 2.9951499999999998
    }
  },
  "adv_vflx": {
    "latency": {
      "lower_value": 2.43807,
      "upper_value": 3.59106,
      "value": 2.5510200000000003
    }
  },
  "apply_diffusion_to_theta_and_exner": {
    "latency": {
      "lower_value": 0.22602,
      "upper_value": 0.23317,
      "value": 0.22991999999999999
    }
  },
  "apply_diffusion_to_vn": {
    "latency": {
      "lower_value": 0.17309000000000002,
      "upper_value": 0.18191,
      "value": 0.17656
    }
  },
  "apply_diffusion_to_w_and_compute_horizontal_gradients_for_turbulence": {
    "latency": {
      "lower_value": 0.16284,
      "upper_value": 0.17809999999999998,
      "value": 0.16731
    }
  },
  "apply_divergence_damping_and_update_vn": {
    "latency": {
      "lower_value": 0.24319000000000002,
      "upper_value": 0.26298,
      "value": 0.24900999999999998
    }
  },
  "back_traj": {
    "latency": {
      "lower_value": 0.010010000000000002,
      "upper_value": 1.6441299999999999,
      "value": 0.17847
    }
  },
  "boundary_halo_cleanup": {
    "latency": {
      "lower_value": 0.01884,
      "upper_value": 0.02408,
      "value": 0.02075
    }
  },
  "calculate_diagnostic_quantities_for_turbulence": {
    "latency": {
      "lower_value": 0.11492000000000001,
      "upper_value": 0.12016,
      "value": 0.11688000000000001
    }
  },
  "calculate_enhanced_diffusion_coefficients_for_grid_point_cold_pools": {
    "latency": {
      "lower_value": 0.014070000000000001,
      "upper_value": 0.02408,
      "value": 0.01648
    }
  },
  "calculate_nabla2_and_smag_coefficients_for_vn": {
    "latency": {
      "lower_value": 0.19717,
      "upper_value": 1.13106,
      "value": 0.20398000000000002
    }
  },
  "cloud_cover": {
    "latency": {
      "lower_value": 1.8732499999999999,
      "upper_value": 4.848,
      "value": 1.93872
    }
  },
  "compute_advection_in_horizontal_momentum_equation": {
    "latency": {
      "lower_value": 0.14091,
      "upper_value": 0.15497,
      "value": 0.14490999999999998
    }
  },
  "compute_advection_in_vertical_momentum_equation": {
    "latency": {
      "lower_value": 0.37384,
      "upper_value": 0.40007,
      "value": 0.38467
    }
  },
  "compute_averaged_vn_and_fluxes_and_prepare_tracer_advection": {
    "latency": {
      "lower_value": 0.27418000000000003,
      "upper_value": 0.29420999999999997,
      "value": 0.27994
    }
  },
  "compute_averaged_vn_and_fluxes_and_prepare_tracer_advection_first": {
    "latency": {
      "lower_value": 0.23007,
      "upper_value": 0.25415000000000004,
      "value": 0.23646999999999999
    }
  },
  "compute_contravariant_correction_and_advection_in_vertical_momentum_equation": {
    "latency": {
      "lower_value": 0.37098,
      "upper_value": 0.37098,
      "value": 0.37098
    }
  },
  "compute_contravariant_correction_and_advection_in_vertical_momentum_equation_ski": {
    "latency": {
      "lower_value": 0.25702,
      "upper_value": 0.2811,
      "value": 0.26533999999999996
    }
  },
  "compute_derived_horizontal_winds_and_ke_and_contravariant_correction": {
    "latency": {
      "lower_value": 0.94199,
      "upper_value": 0.94199,
      "value": 0.94199
    }
  },
  "compute_derived_horizontal_winds_and_ke_and_contravariant_correction_skip": {
    "latency": {
      "lower_value": 0.20504,
      "upper_value": 0.21911,
      "value": 0.20991
    }
  },
  "compute_domain_decomp": {
    "latency": {
      "lower_value": 663.31911,
      "upper_value": 663.31911,
      "value": 663.31911
    }
  },
  "compute_dwdz_and_boundary_update_rho_theta_w": {
    "latency": {
      "lower_value": 0.027889999999999998,
      "upper_value": 0.038149999999999996,
      "value": 0.031439999999999996
    }
  },
  "compute_horizontal_velocity_quantities_and_fluxes": {
    "latency": {
      "lower_value": 0.38217999999999996,
      "upper_value": 0.40698,
      "value": 0.39189
    }
  },
  "compute_intp_coeffs": {
    "latency": {
      "lower_value": 2619.97819,
      "upper_value": 2619.97819,
      "value": 2619.97819
    }
  },
  "compute_perturbed_quantities_and_interpolation": {
    "latency": {
      "lower_value": 0.38409000000000004,
      "upper_value": 2.15006,
      "value": 0.39043
    }
  },
  "compute_theta_rho_face_values_and_pressure_gradient_and_update_vn": {
    "latency": {
      "lower_value": 0.58889,
      "upper_value": 0.8182499999999999,
      "value": 0.598
    }
  },
  "diagnose_pres_temp": {
    "latency": {
      "lower_value": 0.00405,
      "upper_value": 62.34288,
      "value": 0.91077
    }
  },
  "global_sum": {
    "latency": {
      "lower_value": 0.0,
      "upper_value": 0.00215,
      "value": 0.00116
    }
  },
  "init_ext_data": {
    "latency": {
      "lower_value": 125.47707999999999,
      "upper_value": 125.47707999999999,
      "value": 125.47707999999999
    }
  },
  "init_icon": {
    "latency": {
      "lower_value": 3027.0791099999997,
      "upper_value": 3027.0791099999997,
      "value": 3027.0791099999997
    }
  },
  "init_latbc": {
    "latency": {
      "lower_value": 5185.956,
      "upper_value": 5185.956,
      "value": 5185.956
    }
  },
  "init_nwp_phy": {
    "latency": {
      "lower_value": 770.19215,
      "upper_value": 770.19215,
      "value": 770.19215
    }
  },
  "integrate_nh": {
    "latency": {
      "lower_value": 72.5081,
      "upper_value": 66000.0,
      "value": 1169.16727
    }
  },
  "interpolate_rho_theta_v_to_half_levels_and_compute_pressure_buoyancy_acceleratio": {
    "latency": {
      "lower_value": 0.15402,
      "upper_value": 0.16522,
      "value": 0.15675
    }
  },
  "model_init": {
    "latency": {
      "lower_value": 3527.61602,
      "upper_value": 65000.0,
      "value": 0.0
    }
  },
  "nh_diagnostics": {
    "latency": {
      "lower_value": 0.0,
      "upper_value": 140.30504,
      "value": 0.18119
    }
  },
  "nh_hdiff": {
    "latency": {
      "lower_value": 1.21689,
      "upper_value": 1.2691,
      "value": 1.2355099999999999
    }
  },
  "nh_hdiff_initial_run": {
    "latency": {
      "lower_value": 2.26402,
      "upper_value": 2.26402,
      "value": 2.26402
    }
  },
  "nh_solve": {
    "latency": {
      "lower_value": 4.40097,
      "upper_value": 9.28712,
      "value": 4.6235
    }
  },
  "nh_solve.cellcomp": {
    "latency": {
      "lower_value": 0.15688,
      "upper_value": 2.1541099999999997,
      "value": 0.27690000000000003
    }
  },
  "nh_solve.edgecomp": {
    "latency": {
      "lower_value": 0.23699,
      "upper_value": 0.47016,
      "value": 0.36699
    }
  },
  "nh_solve.exch": {
    "latency": {
      "lower_value": 0.0,
      "upper_value": 0.016929999999999997,
      "value": 0.0011
    }
  },
  "nh_solve.veltend": {
    "latency": {
      "lower_value": 0.6871200000000001,
      "upper_value": 2.74301,
      "value": 0.71094
    }
  },
  "nh_solve.vimpl": {
    "latency": {
      "lower_value": 0.68521,
      "upper_value": 0.77605,
      "value": 0.71848
    }
  },
  "nh_solve.vnupd": {
    "latency": {
      "lower_value": 0.24605,
      "upper_value": 0.8220700000000001,
      "value": 0.42701
    }
  },
  "nwp_microphysics": {
    "latency": {
      "lower_value": 2.6311899999999997,
      "upper_value": 3.72005,
      "value": 2.7556299999999996
    }
  },
  "nwp_radiation": {
    "latency": {
      "lower_value": 63000.0,
      "upper_value": 66000.0,
      "value": 65000.0
    }
  },